/*
Scripte d'insertion dans la base de données la manu
21/02/2022
*/
USE laManu;
-- Ajout de données à la table classe                                                                                                                                                                                     
INSERT INTO classe
(nom, niveau) 
VALUES
 ('A', '6e'),
 ('B', '6e'),
 ('A', '5e'),
 ('B', '5e'),
 ('A', '4e'),
 ('B', '4e'),
 ('A', '3e'),
 ('B', '3e');
 -- Ajout de données à la table matiere                                                                                                                                                                                     
INSERT INTO matiere
(nom) 
VALUES 
 ('Maths'),
 ('Sport'),
 ('Français'),
 ('Anglais'),
 ('Histoire'),
 ('Géographie');
 -- Ajout de données à la table professeur                                                                                                                                                                                     
INSERT INTO professeur
(nom, prenom, date_naissance, nom_matiere) 
VALUES
 ('Pierre', 'Erreip', 'Pierre.Erreip@lamanu.fr', 'Maths'),
 ('Paul', 'Luap', 'Paul.Luap@lamanu.fr', 'Maths'),
 ('Romain', 'Niamor', 'Romain.Niamor@lamanu.fr', 'Sport'),
 ('Cécile', 'Elicéc', 'Cécile.Elicéc@lamanu.fr', 'Sport'),
 ('Thibaut', 'Tuabiht', 'Thibaut.Tuabiht@lamanu.fr', 'Français'),
 ('Anais', 'Siana', 'Anais.Siana@lamanu.fr', 'Français'),
 ('Guillaume', 'emuallig', 'Guillaume.emuallig@lamanu.fr', 'Anglais'),
 ('Pascale', 'Elacsap', 'Pascale.Elacsap@lamanu.fr', 'Anglais'),
 ('Odile', 'Elido', 'Odile.Elido@lamanu.fr', 'Histoire'),
 ('Louis', 'Siuol', 'Louis.Siuol@lamanu.fr', 'Histoire'),
 ('Henry', 'Yrneh', 'Henry.Yrneh@lamanu.fr', 'Géographie'),
 ('Josiane', 'Enaisoj', 'Josiane.Enaisoj@lamanu.fr', 'Géographie');
 -- Ajout de données à la table eleve   
INSERT INTO eleve
(nom, prenom, date_naissance, id_classe) 
VALUES
 ('Elisa', 'Ravault', '2011-10-16', 1),
 ('Lou', 'Ravault', '2011-05-28', 1),
 ('Nola', 'Daumard', '2011-12-31', 1),
 ('Eylenne', 'Daumard', '2011-10-16', 1),
 ('Line', 'Raguin', '2011-05-28', 1),
 ('Maude', 'Raguin', '2011-12-31', 2),
 ('Louis', 'Sergent', '2011-10-16', 2),
 ('Augustin', 'Sergent', '2011-05-28', 2),
 ('Constance', 'Sergent', '2011-12-31', 2),
 ('Fleur', 'Moreau', '2011-10-16', 2),
 ('Marceau', 'Ganon', '2010-05-28', 3),
 ('Swann', 'Anger', '2010-12-31', 3),
 ('Solan', 'Anger', '2010-12-31', 3),
 ('Maelyn', 'Labbey', '2010-12-31', 3),
 ('Leyna', 'Labbey', '2010-12-31', 3),
 ('Riri', 'Duck', '2010-12-31', 4),
 ('Fifi', 'Duck', '2010-12-31', 4),
 ('Loulou', 'Duck', '2010-12-31', 4),
 ('Donald', 'Duck', '2010-12-31', 4),
 ('Picson', 'Duck', '2010-12-31', 4),
 ('Flagada', 'Jones', '2009-12-31', 5),
 ('Elisa', 'Ravault', '2009-10-16', 5),
 ('Lou', 'Ravault', '2009-05-28', 5),
 ('Nola', 'Daumard', '2009-12-31', 5),
 ('Eylenne', 'Daumard', '2009-10-16', 5),
 ('Line', 'Raguin', '2009-05-28', 6),
 ('Maude', 'Raguin', '2009-12-31', 6),
 ('Louis', 'Sergent', '2009-10-16', 6),
 ('Augustin', 'Sergent', '2009-05-28', 6),
 ('Constace', 'Sergent', '2009-12-31', 6),
 ('Fleur', 'Moreau', '2008-10-16', 7),
 ('Marceau', 'Ganon', '2008-05-28', 7),
 ('Swann', 'Anger', '2008-12-31', 7),
 ('Solan', 'Anger', '2008-12-31', 7),
 ('Maelyn', 'Labbey', '2008-12-31', 7),
 ('Leyna', 'Labbey', '2008-12-31', 8),
 ('Riri', 'Duck', '2008-12-31', 8),
 ('Fifi', 'Duck', '2008-12-31', 8),
 ('Loulou', 'Duck', '2008-12-31', 8),
 ('Donald', 'Duck', '2008-12-31', 8);
-- Ajout de données à la table note   
INSERT INTO note
(note, appreciation, id_professeur, id_eleve, nom_matiere) 
VALUES
 (1, 'Bien', 1, 1, 'Maths'),
 (2, 'Bien', 3, 1, 'Sport'),
 (3, 'Bien', 5, 1, 'Français'),
 (4, 'Bien', 7, 1, 'Anglais'),
 (5, 'Bien', 9, 1, 'Histoire'),
 (6, 'Bien', 11, 1, 'Géographie'),
 (7, 'Bien', 2, 2, 'Maths'),
 (8, 'Bien', 4, 2, 'Sport'),
 (9, 'Bien', 6, 2, 'Français'),
 (10, 'Bien', 8, 2, 'Anglais'),
 (9, 'Bien', 10, 2, 'Histoire'),
 (8, 'Bien', 12, 2, 'Géographie'),
 (7, 'Bien', 1, 3, 'Maths'),
 (6, 'Bien', 3, 3, 'Sport'),
 (5, 'Bien', 5, 3, 'Français'),
 (4, 'Bien', 7, 3, 'Anglais'),
 (3, 'Bien', 9, 3, 'Histoire'),
 (2, 'Bien', 11, 3, 'Géographie'),
 (1, 'Bien', 2, 4, 'Maths'),
 (0, 'Bien', 4, 4, 'Sport'),
 (1, 'Bien', 6, 4, 'Français'),
 (2, 'Bien', 8, 4, 'Anglais'),
 (3, 'Bien', 10, 4, 'Histoire'),
 (4, 'Bien', 12, 4, 'Géographie'),
 (1, 'Bien', 1, 5, 'Maths'),
 (0, 'Bien', 3, 5, 'Sport'),
 (1, 'Bien', 5, 5, 'Français'),
 (2, 'Bien', 7, 5, 'Anglais'),
 (3, 'Bien', 9, 5, 'Histoire'),
 (4, 'Bien', 11, 5, 'Géographie'),
 (1, 'Bien', 2, 6, 'Maths'),
 (0, 'Bien', 4, 6, 'Sport'),
 (1, 'Bien', 6, 6, 'Français'),
 (2, 'Bien', 8, 6, 'Anglais'),
 (3, 'Bien', 10, 6, 'Histoire'),
 (4, 'Bien', 12, 6, 'Géographie'),
 (1, 'Bien', 1, 7, 'Maths'),
 (0, 'Bien', 3, 7, 'Sport'),
 (1, 'Bien', 5, 7, 'Français'),
 (2, 'Bien', 7, 7, 'Anglais'),
 (3, 'Bien', 9, 7, 'Histoire'),
 (4, 'Bien', 11, 7, 'Géographie'),
 (1, 'Bien', 2, 8, 'Maths'),
 (0, 'Bien', 4, 8, 'Sport'),
 (1, 'Bien', 6, 8, 'Français'),
 (2, 'Bien', 8, 8, 'Anglais'),
 (3, 'Bien', 10, 8, 'Histoire'),
 (4, 'Bien', 12, 8, 'Géographie'),
 (1, 'Bien', 1, 9, 'Maths'),
 (0, 'Bien', 3, 9, 'Sport'),
 (1, 'Bien', 5, 9, 'Français'),
 (2, 'Bien', 7, 9, 'Anglais'),
 (3, 'Bien', 9, 9, 'Histoire'),
 (4, 'Bien', 11, 9, 'Géographie'),
 (1, 'Bien', 2, 10, 'Maths'),
 (0, 'Bien', 4, 10, 'Sport'),
 (1, 'Bien', 6, 10, 'Français'),
 (2, 'Bien', 8, 10, 'Anglais'),
 (3, 'Bien', 10, 10, 'Histoire'),
 (4, 'Bien', 12, 10, 'Géographie'),
 (1, 'Bien', 1, 11, 'Maths'),
 (0, 'Bien', 3, 11, 'Sport'),
 (1, 'Bien', 5, 11, 'Français'),
 (2, 'Bien', 7, 11, 'Anglais'),
 (3, 'Bien', 9, 11, 'Histoire'),
 (4, 'Bien', 11, 11, 'Géographie'),
 (1, 'Bien', 2, 12, 'Maths'),
 (0, 'Bien', 4, 12, 'Sport'),
 (1, 'Bien', 6, 12, 'Français'),
 (2, 'Bien', 8, 12, 'Anglais'),
 (3, 'Bien', 10, 12, 'Histoire'),
 (4, 'Bien', 12, 12, 'Géographie'),
 (1, 'Bien', 1, 13, 'Maths'),
 (0, 'Bien', 3, 13, 'Sport'),
 (1, 'Bien', 5, 13, 'Français'),
 (2, 'Bien', 7, 13, 'Anglais'),
 (3, 'Bien', 9, 13, 'Histoire'),
 (4, 'Bien', 11, 13, 'Géographie'),
 (1, 'Bien', 2, 14, 'Maths'),
 (0, 'Bien', 4, 14, 'Sport'),
 (1, 'Bien', 6, 14, 'Français'),
 (2, 'Bien', 8, 14, 'Anglais'),
 (3, 'Bien', 10, 14, 'Histoire'),
 (4, 'Bien', 12, 14, 'Géographie'),
 (1, 'Bien', 1, 15, 'Maths'),
 (0, 'Bien', 3, 15, 'Sport'),
 (1, 'Bien', 5, 15, 'Français'),
 (2, 'Bien', 7, 15, 'Anglais'),
 (3, 'Bien', 9, 15, 'Histoire'),
 (4, 'Bien', 11, 15, 'Géographie'),
 (1, 'Bien', 2, 16, 'Maths'),
 (0, 'Bien', 4, 16, 'Sport'),
 (1, 'Bien', 6, 16, 'Français'),
 (2, 'Bien', 8, 16, 'Anglais'),
 (3, 'Bien', 10, 16, 'Histoire'),
 (4, 'Bien', 12, 16, 'Géographie'),
 (1, 'Bien', 1, 17, 'Maths'),
 (0, 'Bien', 3, 17, 'Sport'),
 (1, 'Bien', 5, 17, 'Français'),
 (2, 'Bien', 7, 17, 'Anglais'),
 (3, 'Bien', 9, 17, 'Histoire'),
 (4, 'Bien', 11, 17, 'Géographie'),
 (1, 'Bien', 2, 18, 'Maths'),
 (0, 'Bien', 4, 18, 'Sport'),
 (1, 'Bien', 6, 18, 'Français'),
 (2, 'Bien', 8, 18, 'Anglais'),
 (3, 'Bien', 10, 18, 'Histoire'),
 (4, 'Bien', 12, 18, 'Géographie'),
 (1, 'Bien', 1, 19, 'Maths'),
 (0, 'Bien', 3, 19, 'Sport'),
 (1, 'Bien', 5, 19, 'Français'),
 (2, 'Bien', 7, 19, 'Anglais'),
 (3, 'Bien', 9, 19, 'Histoire'),
 (4, 'Bien', 11, 19, 'Géographie'),
 (1, 'Bien', 2, 20, 'Maths'),
 (0, 'Bien', 4, 20, 'Sport'),
 (1, 'Bien', 6, 20, 'Français'),
 (2, 'Bien', 8, 20, 'Anglais'),
 (3, 'Bien', 10, 20, 'Histoire'),
 (4, 'Bien', 12, 20, 'Géographie'),
 (1, 'Bien', 1, 21, 'Maths'),
 (0, 'Bien', 3, 21, 'Sport'),
 (1, 'Bien', 5, 21, 'Français'),
 (2, 'Bien', 7, 21, 'Anglais'),
 (3, 'Bien', 9, 21, 'Histoire'),
 (4, 'Bien', 11, 21, 'Géographie'),
 (1, 'Bien', 2, 22, 'Maths'),
 (0, 'Bien', 4, 22, 'Sport'),
 (1, 'Bien', 6, 22, 'Français'),
 (2, 'Bien', 8, 22, 'Anglais'),
 (3, 'Bien', 10, 22, 'Histoire'),
 (4, 'Bien', 12, 22, 'Géographie'),
 (1, 'Bien', 1, 23, 'Maths'),
 (0, 'Bien', 3, 23, 'Sport'),
 (1, 'Bien', 5, 23, 'Français'),
 (2, 'Bien', 7, 23, 'Anglais'),
 (3, 'Bien', 9, 23, 'Histoire'),
 (4, 'Bien', 11, 23, 'Géographie'),
 (1, 'Bien', 2, 24, 'Maths'),
 (0, 'Bien', 4, 24, 'Sport'),
 (1, 'Bien', 6, 24, 'Français'),
 (2, 'Bien', 8, 24, 'Anglais'),
 (3, 'Bien', 10, 24, 'Histoire'),
 (4, 'Bien', 12, 24, 'Géographie'),
 (1, 'Bien', 1, 25, 'Maths'),
 (0, 'Bien', 3, 25, 'Sport'),
 (1, 'Bien', 5, 25, 'Français'),
 (2, 'Bien', 7, 25, 'Anglais'),
 (3, 'Bien', 9, 25, 'Histoire'),
 (4, 'Bien', 11, 25, 'Géographie'),
 (1, 'Bien', 2, 26, 'Maths'),
 (0, 'Bien', 4, 26, 'Sport'),
 (1, 'Bien', 6, 26, 'Français'),
 (2, 'Bien', 8, 26, 'Anglais'),
 (3, 'Bien', 10, 26, 'Histoire'),
 (4, 'Bien', 12, 26, 'Géographie'),
 (1, 'Bien', 1, 27, 'Maths'),
 (0, 'Bien', 3, 27, 'Sport'),
 (1, 'Bien', 5, 27, 'Français'),
 (2, 'Bien', 7, 27, 'Anglais'),
 (3, 'Bien', 9, 27, 'Histoire'),
 (4, 'Bien', 11, 27, 'Géographie'),
 (1, 'Bien', 2, 28, 'Maths'),
 (0, 'Bien', 4, 28, 'Sport'),
 (1, 'Bien', 6, 28, 'Français'),
 (2, 'Bien', 8, 28, 'Anglais'),
 (3, 'Bien', 10, 28, 'Histoire'),
 (4, 'Bien', 12, 28, 'Géographie'),
 (1, 'Bien', 1, 29, 'Maths'),
 (0, 'Bien', 3, 29, 'Sport'),
 (1, 'Bien', 5, 29, 'Français'),
 (2, 'Bien', 7, 29, 'Anglais'),
 (3, 'Bien', 9, 29, 'Histoire'),
 (4, 'Bien', 11, 29, 'Géographie'),
 (1, 'Bien', 2, 30, 'Maths'),
 (0, 'Bien', 4, 30, 'Sport'),
 (1, 'Bien', 6, 30, 'Français'),
 (2, 'Bien', 8, 30, 'Anglais'),
 (3, 'Bien', 10, 30, 'Histoire'),
 (4, 'Bien', 12, 30, 'Géographie'),
 (1, 'Bien', 1, 31, 'Maths'),
 (0, 'Bien', 3, 31, 'Sport'),
 (1, 'Bien', 5, 31, 'Français'),
 (7, 'Bien', 7, 31, 'Anglais'),
 (3, 'Bien', 9, 31, 'Histoire'),
 (4, 'Bien', 11, 31, 'Géographie'),
 (4, 'Bien', 2, 32, 'Maths'),
 (0, 'Bien', 4, 32, 'Sport'),
 (5, 'Bien', 6, 32, 'Français'),
 (2, 'Bien', 8, 32, 'Anglais'),
 (3, 'Bien', 10, 32, 'Histoire'),
 (4, 'Bien', 12, 32, 'Géographie'),
 (1, 'Bien', 1, 33, 'Maths'),
 (8, 'Bien', 3, 33, 'Sport'),
 (7, 'Bien', 5, 33, 'Français'),
 (2, 'Bien', 7, 33, 'Anglais'),
 (4, 'Bien', 9, 33, 'Histoire'),
 (6, 'Bien', 11, 33, 'Géographie'),
 (1, 'Bien', 2, 34, 'Maths'),
 (5, 'Bien', 4, 34, 'Sport'),
 (7, 'Bien', 6, 34, 'Français'),
 (8, 'Bien', 8, 34, 'Anglais'),
 (6, 'Bien', 10, 34, 'Histoire'),
 (4, 'Bien', 12, 34, 'Géographie'),
 (1, 'Bien', 1, 35, 'Maths'),
 (4, 'Bien', 3, 35, 'Sport'),
 (8, 'Bien', 5, 35, 'Français'),
 (5, 'Bien', 7, 35, 'Anglais'),
 (3, 'Bien', 9, 35, 'Histoire'),
 (6, 'Bien', 11, 35, 'Géographie'),
 (1, 'Bien', 2, 36, 'Maths'),
 (0, 'Bien', 4, 36, 'Sport'),
 (1, 'Bien', 6, 36, 'Français'),
 (2, 'Bien', 8, 36, 'Anglais'),
 (3, 'Bien', 10, 36, 'Histoire'),
 (4, 'Bien', 12, 36, 'Géographie'),
 (1, 'Bien', 1, 37, 'Maths'),
 (0, 'Bien', 3, 37, 'Sport'),
 (1, 'Bien', 5, 37, 'Français'),
 (2, 'Bien', 7, 37, 'Anglais'),
 (3, 'Bien', 9, 37, 'Histoire'),
 (5, 'Bien', 11, 37, 'Géographie'),
 (2, 'Bien', 2, 38, 'Maths'),
 (6, 'Bien', 4, 38, 'Sport'),
 (4, 'Bien', 6, 38, 'Français'),
 (8, 'Bien', 8, 38, 'Anglais'),
 (10,'Bien', 10, 38, 'Histoire'),
 (7, 'Bien', 12, 38, 'Géographie'),
 (9, 'Bien', 1, 39, 'Maths'),
 (8, 'Bien', 3, 39, 'Sport'),
 (6, 'Bien', 5, 39, 'Français'),
 (5, 'Bien', 7, 39, 'Anglais'),
 (3, 'Bien', 9, 39, 'Histoire'),
 (1, 'Bien', 11, 39, 'Géographie'),
 (2, 'Bien', 2, 40, 'Maths'),
 (8, 'Bien', 4, 40, 'Sport'),
 (7, 'Bien', 6, 40, 'Français'),
 (4, 'Bien', 8, 40, 'Anglais'),
 (6, 'Bien', 10, 40, 'Histoire'),
 (5, 'Bien', 12, 40, 'Géographie');